campaign,tool,lot,kind,start_s,end_s,duration_s,units,good_units
7,ETCH-01,0,production,0.0,825.0,825.0,5,5
7,ETCH-01,1,production,825.0,1650.0,825.0,5,5
7,ETCH-01,2,production,1650.0,2475.0,825.0,5,5
7,ETCH-01,3,production,2475.0,3300.0,825.0,5,5
7,ETCH-01,4,production,3300.0,4125.0,825.0,5,5
7,ETCH-01,5,production,4125.0,4950.0,825.0,5,5
7,ETCH-01,6,production,4950.0,5775.0,825.0,5,5
7,ETCH-01,7,production,5775.0,6600.0,825.0,5,5
7,ETCH-01,8,production,6600.0,7425.0,825.0,5,5
7,ETCH-01,9,production,7425.0,8250.0,825.0,5,5
7,ETCH-01,10,production,8250.0,9075.0,825.0,5,5
7,ETCH-01,11,production,9075.0,9900.0,825.0,5,5
7,ETCH-01,12,production,9900.0,10725.0,825.0,5,5
7,ETCH-01,13,production,10725.0,11550.0,825.0,5,5
7,ETCH-01,14,production,11550.0,12375.0,825.0,5,5
7,ETCH-01,15,production,12375.0,13200.0,825.0,5,5
7,ETCH-01,16,production,13200.0,14025.0,825.0,5,5
7,ETCH-01,17,production,14025.0,14850.0,825.0,5,5
7,ETCH-01,18,production,14850.0,15675.0,825.0,5,5
7,ETCH-01,19,production,15675.0,16500.0,825.0,5,4
7,ETCH-01,20,production,16500.0,17325.0,825.0,5,5
7,ETCH-01,21,production,17325.0,18150.0,825.0,5,5
7,ETCH-01,22,production,18150.0,18975.0,825.0,5,4
7,ETCH-01,23,production,18975.0,19800.0,825.0,5,5
7,ETCH-01,24,production,19800.0,20625.0,825.0,5,5
7,ETCH-01,25,production,20625.0,21450.0,825.0,5,5
7,ETCH-01,26,production,21450.0,22275.0,825.0,5,5
7,ETCH-01,27,production,22275.0,23100.0,825.0,5,5
7,ETCH-01,28,production,23100.0,23925.0,825.0,5,4
7,ETCH-01,29,production,23925.0,24750.0,825.0,5,5
7,ETCH-01,30,production,24750.0,25575.0,825.0,5,5
7,ETCH-01,31,production,25575.0,26400.0,825.0,5,4
7,ETCH-01,32,production,26400.0,27225.0,825.0,5,4
7,ETCH-01,33,production,27225.0,28050.0,825.0,5,5
7,ETCH-01,34,production,28050.0,28875.0,825.0,5,5
7,ETCH-01,35,production,28875.0,29700.0,825.0,5,5
7,ETCH-01,36,production,29700.0,30525.0,825.0,5,5
7,ETCH-01,37,production,30525.0,31350.0,825.0,5,5
7,ETCH-01,38,production,31350.0,32175.0,825.0,5,3
7,ETCH-01,39,production,32175.0,33000.0,825.0,5,5
7,ETCH-01,40,production,33000.0,33825.0,825.0,5,4
7,ETCH-01,41,production,33825.0,34650.0,825.0,5,4
7,ETCH-01,42,production,34650.0,35475.0,825.0,5,2
7,ETCH-01,43,production,35475.0,36300.0,825.0,5,4
7,ETCH-01,44,production,36300.0,37125.0,825.0,5,3
7,ETCH-01,45,production,37125.0,37950.0,825.0,5,3
7,ETCH-01,46,production,37950.0,38775.0,825.0,5,2
7,ETCH-01,47,production,38775.0,39600.0,825.0,5,2
7,ETCH-01,48,production,39600.0,40425.0,825.0,5,1
7,ETCH-01,49,production,40425.0,41250.0,825.0,5,1
7,ETCH-01,50,production,41250.0,42075.0,825.0,5,1
7,ETCH-01,51,production,42075.0,42900.0,825.0,5,1
7,ETCH-01,52,production,42900.0,43725.0,825.0,5,1
7,ETCH-01,53,production,43725.0,44550.0,825.0,5,1
7,ETCH-01,54,production,44550.0,45375.0,825.0,5,2
7,ETCH-01,55,production,45375.0,46200.0,825.0,5,0
7,ETCH-01,56,production,46200.0,47025.0,825.0,5,0
7,ETCH-01,57,production,47025.0,47850.0,825.0,5,1
7,ETCH-01,58,production,47850.0,48675.0,825.0,5,0
7,ETCH-01,59,production,48675.0,49500.0,825.0,5,0
7,ETCH-01,60,production,49500.0,50325.0,825.0,5,0
7,ETCH-01,61,production,50325.0,51150.0,825.0,5,0
7,ETCH-01,62,production,51150.0,51975.0,825.0,5,0
7,ETCH-01,63,production,51975.0,52800.0,825.0,5,0
7,ETCH-01,63,repair,52800.0,59412.965322866985,6612.965322866982,0,0
7,ETCH-01,64,production,59412.965322866985,60237.965322866985,825.0,5,5
7,ETCH-01,65,production,60237.965322866985,61062.965322866985,825.0,5,5
7,ETCH-01,66,production,61062.965322866985,61887.965322866985,825.0,5,5
7,ETCH-01,67,production,61887.965322866985,62712.965322866985,825.0,5,5
7,ETCH-01,68,production,62712.965322866985,63537.965322866985,825.0,5,5
7,ETCH-01,69,production,63537.965322866985,64362.965322866985,825.0,5,5
7,ETCH-01,70,production,64362.965322866985,65187.965322866985,825.0,5,5
7,ETCH-01,71,production,65187.965322866985,66012.96532286698,824.9999999999927,5,5
7,ETCH-01,72,production,66012.96532286698,66837.96532286698,825.0,5,5
7,ETCH-01,73,production,66837.96532286698,67662.96532286698,825.0,5,5
7,ETCH-01,74,production,67662.96532286698,68487.96532286698,825.0,5,5
7,ETCH-01,75,production,68487.96532286698,69312.96532286698,825.0,5,5
7,ETCH-01,76,production,69312.96532286698,70137.96532286698,825.0,5,5
7,ETCH-01,77,production,70137.96532286698,70962.96532286698,825.0,5,5
7,ETCH-01,78,production,70962.96532286698,71787.96532286698,825.0,5,5
7,ETCH-01,79,production,71787.96532286698,72612.96532286698,825.0,5,5
7,ETCH-01,80,production,72612.96532286698,73437.96532286698,825.0,5,5
7,ETCH-01,81,production,73437.96532286698,74262.96532286698,825.0,5,5
7,ETCH-01,82,production,74262.96532286698,75087.96532286698,825.0,5,5
7,ETCH-01,83,production,75087.96532286698,75912.96532286698,825.0,5,5
7,ETCH-01,84,production,75912.96532286698,76737.96532286698,825.0,5,5
7,ETCH-01,85,production,76737.96532286698,77562.96532286698,825.0,5,5
7,ETCH-01,86,production,77562.96532286698,78387.96532286698,825.0,5,5
7,ETCH-01,87,production,78387.96532286698,79212.96532286698,825.0,5,5
7,ETCH-01,88,production,79212.96532286698,80037.96532286698,825.0,5,5
7,ETCH-01,89,production,80037.96532286698,80862.96532286698,825.0,5,5
7,ETCH-01,90,production,80862.96532286698,81687.96532286698,825.0,5,5
7,ETCH-01,91,production,81687.96532286698,82512.96532286698,825.0,5,4
7,ETCH-01,92,production,82512.96532286698,83337.96532286698,825.0,5,5
7,ETCH-01,93,production,83337.96532286698,84162.96532286698,825.0,5,5
7,ETCH-01,94,production,84162.96532286698,84987.96532286698,825.0,5,4
7,ETCH-01,95,production,84987.96532286698,85812.96532286698,825.0,5,5
7,ETCH-01,96,production,85812.96532286698,86637.96532286698,825.0,5,5
7,ETCH-01,97,production,86637.96532286698,87462.96532286698,825.0,5,5
7,ETCH-01,98,production,87462.96532286698,88287.96532286698,825.0,5,4
7,ETCH-01,99,production,88287.96532286698,89112.96532286698,825.0,5,4
7,ETCH-01,100,production,89112.96532286698,89937.96532286698,825.0,5,3
7,ETCH-01,101,production,89937.96532286698,90762.96532286698,825.0,5,4
7,ETCH-01,102,production,90762.96532286698,91587.96532286698,825.0,5,4
7,ETCH-01,103,production,91587.96532286698,92412.96532286698,825.0,5,1
7,ETCH-01,104,production,92412.96532286698,93237.96532286698,825.0,5,4
7,ETCH-01,105,production,93237.96532286698,94062.96532286698,825.0,5,3
7,ETCH-01,106,production,94062.96532286698,94887.96532286698,825.0,5,4
7,ETCH-01,107,production,94887.96532286698,95712.96532286698,825.0,5,3
7,ETCH-01,108,production,95712.96532286698,96537.96532286698,825.0,5,2
7,ETCH-01,109,production,96537.96532286698,97362.96532286698,825.0,5,2
7,ETCH-01,110,production,97362.96532286698,98187.96532286698,825.0,5,2
7,ETCH-01,111,production,98187.96532286698,99012.96532286698,825.0,5,1
7,ETCH-01,112,production,99012.96532286698,99837.96532286698,825.0,5,1
7,ETCH-01,113,production,99837.96532286698,100662.96532286698,825.0,5,1
7,ETCH-01,114,production,100662.96532286698,101487.96532286698,825.0,5,2
7,ETCH-01,115,production,101487.96532286698,102312.96532286698,825.0,5,0
7,ETCH-01,116,production,102312.96532286698,103137.96532286698,825.0,5,1
7,ETCH-01,117,production,103137.96532286698,103962.96532286698,825.0,5,0
7,ETCH-01,118,production,103962.96532286698,104787.96532286698,825.0,5,0
7,ETCH-01,119,production,104787.96532286698,105612.96532286698,825.0,5,1
7,ETCH-01,120,production,105612.96532286698,106437.96532286698,825.0,5,0
7,ETCH-01,121,production,106437.96532286698,107262.96532286698,825.0,5,0
7,ETCH-01,121,repair,107262.96532286698,116302.52449203402,9039.559169167047,0,0
7,ETCH-01,122,production,116302.52449203402,117127.52449203402,825.0,5,5
7,ETCH-01,123,production,117127.52449203402,117952.52449203402,825.0,5,5
7,ETCH-01,124,production,117952.52449203402,118777.52449203402,825.0,5,5
7,ETCH-01,125,production,118777.52449203402,119602.52449203402,825.0,5,5
7,ETCH-01,126,production,119602.52449203402,120427.52449203402,825.0,5,5
7,ETCH-01,127,production,120427.52449203402,121252.52449203402,825.0,5,5
7,ETCH-01,128,production,121252.52449203402,122077.52449203402,825.0,5,5
7,ETCH-01,129,production,122077.52449203402,122902.52449203402,825.0,5,4
7,ETCH-01,130,production,122902.52449203402,123727.52449203402,825.0,5,5
7,ETCH-01,131,production,123727.52449203402,124552.52449203402,825.0,5,5
7,ETCH-01,132,production,124552.52449203402,125377.52449203402,825.0,5,5
7,ETCH-01,133,production,125377.52449203402,126202.52449203402,825.0,5,5
7,ETCH-01,134,production,126202.52449203402,127027.52449203402,825.0,5,5
7,ETCH-01,135,production,127027.52449203402,127852.52449203402,825.0,5,5
7,ETCH-01,136,production,127852.52449203402,128677.52449203402,825.0,5,5
7,ETCH-01,137,production,128677.52449203402,129502.52449203402,825.0,5,5
7,ETCH-01,138,production,129502.52449203402,130327.52449203402,825.0,5,5
7,ETCH-01,139,production,130327.52449203402,131152.52449203402,825.0,5,5
7,ETCH-01,140,production,131152.52449203402,131977.52449203402,825.0,5,5
7,ETCH-01,141,production,131977.52449203402,132802.52449203402,825.0,5,5
7,ETCH-01,142,production,132802.52449203402,133627.52449203402,825.0,5,5
7,ETCH-01,143,production,133627.52449203402,134452.52449203402,825.0,5,5
7,ETCH-01,144,production,134452.52449203402,135277.52449203402,825.0,5,5
7,ETCH-01,145,production,135277.52449203402,136102.52449203402,825.0,5,5
7,ETCH-01,146,production,136102.52449203402,136927.52449203402,825.0,5,5
7,ETCH-01,147,production,136927.52449203402,137752.52449203402,825.0,5,5
7,ETCH-01,148,production,137752.52449203402,138577.52449203402,825.0,5,5
7,ETCH-01,149,production,138577.52449203402,139402.52449203402,825.0,5,5
7,ETCH-01,150,production,139402.52449203402,140227.52449203402,825.0,5,5
7,ETCH-01,151,production,140227.52449203402,141052.52449203402,825.0,5,5
7,ETCH-01,152,production,141052.52449203402,141877.52449203402,825.0,5,5
7,ETCH-01,153,production,141877.52449203402,142702.52449203402,825.0,5,5
7,ETCH-01,154,production,142702.52449203402,143527.52449203402,825.0,5,5
7,ETCH-01,155,production,143527.52449203402,144352.52449203402,825.0,5,5
7,ETCH-01,156,production,144352.52449203402,145177.52449203402,825.0,5,5
7,ETCH-01,157,production,145177.52449203402,146002.52449203402,825.0,5,5
7,ETCH-01,158,production,146002.52449203402,146827.52449203402,825.0,5,3
7,ETCH-01,159,production,146827.52449203402,147652.52449203402,825.0,5,4
7,ETCH-01,160,production,147652.52449203402,148477.52449203402,825.0,5,2
7,ETCH-01,161,production,148477.52449203402,149302.52449203402,825.0,5,4
7,ETCH-01,162,production,149302.52449203402,150127.52449203402,825.0,5,5
7,ETCH-01,163,production,150127.52449203402,150952.52449203402,825.0,5,0
7,ETCH-01,164,production,150952.52449203402,151777.52449203402,825.0,5,3
7,ETCH-01,165,production,151777.52449203402,152602.52449203402,825.0,5,4
7,ETCH-01,166,production,152602.52449203402,153427.52449203402,825.0,5,2
7,ETCH-01,167,production,153427.52449203402,154252.52449203402,825.0,5,2
7,ETCH-01,168,production,154252.52449203402,155077.52449203402,825.0,5,2
7,ETCH-01,169,production,155077.52449203402,155902.52449203402,825.0,5,0
7,ETCH-01,170,production,155902.52449203402,156727.52449203402,825.0,5,0
7,ETCH-01,171,production,156727.52449203402,157552.52449203402,825.0,5,0
7,ETCH-01,172,production,157552.52449203402,158377.52449203402,825.0,5,1
7,ETCH-01,173,production,158377.52449203402,159202.52449203402,825.0,5,0
7,ETCH-01,174,production,159202.52449203402,160027.52449203402,825.0,5,2
7,ETCH-01,175,production,160027.52449203402,160852.52449203402,825.0,5,1
7,ETCH-01,176,production,160852.52449203402,161677.52449203402,825.0,5,1
7,ETCH-01,176,repair,161677.52449203402,166773.85925515826,5096.334763124237,0,0
7,ETCH-01,177,production,166773.85925515826,167598.85925515826,825.0,5,5
7,ETCH-01,178,production,167598.85925515826,168423.85925515826,825.0,5,5
7,ETCH-01,179,production,168423.85925515826,169248.85925515826,825.0,5,5
7,ETCH-01,180,production,169248.85925515826,170073.85925515826,825.0,5,5
7,ETCH-01,181,production,170073.85925515826,170898.85925515826,825.0,5,5
7,ETCH-01,182,production,170898.85925515826,171723.85925515826,825.0,5,5
7,ETCH-01,183,production,171723.85925515826,172548.85925515826,825.0,5,5
7,ETCH-01,184,production,172548.85925515826,173373.85925515826,825.0,5,5
7,ETCH-01,185,production,173373.85925515826,174198.85925515826,825.0,5,5
7,ETCH-01,186,production,174198.85925515826,175023.85925515826,825.0,5,5
7,ETCH-01,187,production,175023.85925515826,175848.85925515826,825.0,5,5
7,ETCH-01,188,production,175848.85925515826,176673.85925515826,825.0,5,5
7,ETCH-01,189,production,176673.85925515826,177498.85925515826,825.0,5,5
7,ETCH-01,190,production,177498.85925515826,178323.85925515826,825.0,5,5
7,ETCH-01,191,production,178323.85925515826,179148.85925515826,825.0,5,5
7,ETCH-01,192,production,179148.85925515826,179973.85925515826,825.0,5,5
7,ETCH-01,193,production,179973.85925515826,180798.85925515826,825.0,5,5
7,ETCH-01,194,production,180798.85925515826,181623.85925515826,825.0,5,5
7,ETCH-01,195,production,181623.85925515826,182448.85925515826,825.0,5,5
7,ETCH-01,196,production,182448.85925515826,183273.85925515826,825.0,5,5
7,ETCH-01,197,production,183273.85925515826,184098.85925515826,825.0,5,5
7,ETCH-01,198,production,184098.85925515826,184923.85925515826,825.0,5,5
7,ETCH-01,199,production,184923.85925515826,185748.85925515826,825.0,5,5
7,ETCH-01,200,production,185748.85925515826,186573.85925515826,825.0,5,5
7,ETCH-01,201,production,186573.85925515826,187398.85925515826,825.0,5,5
7,ETCH-01,202,production,187398.85925515826,188223.85925515826,825.0,5,5
7,ETCH-01,203,production,188223.85925515826,189048.85925515826,825.0,5,5
7,ETCH-01,204,production,189048.85925515826,189873.85925515826,825.0,5,5
7,ETCH-01,205,production,189873.85925515826,190698.85925515826,825.0,5,5
7,ETCH-01,206,production,190698.85925515826,191523.85925515826,825.0,5,5
7,ETCH-01,207,production,191523.85925515826,192348.85925515826,825.0,5,4
7,ETCH-01,208,production,192348.85925515826,193173.85925515826,825.0,5,4
7,ETCH-01,209,production,193173.85925515826,193998.85925515826,825.0,5,5
7,ETCH-01,210,production,193998.85925515826,194823.85925515826,825.0,5,4
7,ETCH-01,211,production,194823.85925515826,195648.85925515826,825.0,5,3
7,ETCH-01,212,production,195648.85925515826,196473.85925515826,825.0,5,5
7,ETCH-01,212,repair,196473.85925515826,203595.69796228394,7121.838707125699,0,0
7,ETCH-01,213,production,203595.69796228394,204420.69796228394,825.0,5,5
7,ETCH-01,214,production,204420.69796228394,205245.69796228394,825.0,5,5
7,ETCH-01,215,production,205245.69796228394,206070.69796228394,825.0,5,5
7,ETCH-01,216,production,206070.69796228394,206895.69796228394,825.0,5,5
7,ETCH-01,217,production,206895.69796228394,207720.69796228394,825.0,5,5
7,ETCH-01,218,production,207720.69796228394,208545.69796228394,825.0,5,5
7,ETCH-01,219,production,208545.69796228394,209370.69796228394,825.0,5,5
7,ETCH-01,220,production,209370.69796228394,210195.69796228394,825.0,5,5
7,ETCH-01,221,production,210195.69796228394,211020.69796228394,825.0,5,5
7,ETCH-01,222,production,211020.69796228394,211845.69796228394,825.0,5,5
7,ETCH-01,223,production,211845.69796228394,212670.69796228394,825.0,5,5
7,ETCH-01,224,production,212670.69796228394,213495.69796228394,825.0,5,5
7,ETCH-01,225,production,213495.69796228394,214320.69796228394,825.0,5,5
7,ETCH-01,226,production,214320.69796228394,215145.69796228394,825.0,5,5
7,ETCH-01,227,production,215145.69796228394,215970.69796228394,825.0,5,4
7,ETCH-01,228,production,215970.69796228394,216795.69796228394,825.0,5,5
7,ETCH-01,229,production,216795.69796228394,217620.69796228394,825.0,5,5
7,ETCH-01,230,production,217620.69796228394,218445.69796228394,825.0,5,4
7,ETCH-01,231,production,218445.69796228394,219270.69796228394,825.0,5,5
7,ETCH-01,232,production,219270.69796228394,220095.69796228394,825.0,5,5
7,ETCH-01,233,production,220095.69796228394,220920.69796228394,825.0,5,5
7,ETCH-01,234,production,220920.69796228394,221745.69796228394,825.0,5,5
7,ETCH-01,235,production,221745.69796228394,222570.69796228394,825.0,5,5
7,ETCH-01,236,production,222570.69796228394,223395.69796228394,825.0,5,5
7,ETCH-01,237,production,223395.69796228394,224220.69796228394,825.0,5,5
7,ETCH-01,238,production,224220.69796228394,225045.69796228394,825.0,5,5
7,ETCH-01,239,production,225045.69796228394,225870.69796228394,825.0,5,4
7,ETCH-02,0,production,0.0,825.0,825.0,5,5
7,ETCH-02,1,production,825.0,1650.0,825.0,5,5
7,ETCH-02,2,production,1650.0,2475.0,825.0,5,4
7,ETCH-02,3,production,2475.0,3300.0,825.0,5,5
7,ETCH-02,4,production,3300.0,4125.0,825.0,5,5
7,ETCH-02,5,production,4125.0,4950.0,825.0,5,5
7,ETCH-02,6,production,4950.0,5775.0,825.0,5,5
7,ETCH-02,7,production,5775.0,6600.0,825.0,5,4
7,ETCH-02,8,production,6600.0,7425.0,825.0,5,5
7,ETCH-02,9,production,7425.0,8250.0,825.0,5,5
7,ETCH-02,10,production,8250.0,9075.0,825.0,5,5
7,ETCH-02,11,production,9075.0,9900.0,825.0,5,5
7,ETCH-02,12,production,9900.0,10725.0,825.0,5,5
7,ETCH-02,13,production,10725.0,11550.0,825.0,5,5
7,ETCH-02,14,production,11550.0,12375.0,825.0,5,3
7,ETCH-02,15,production,12375.0,13200.0,825.0,5,2
7,ETCH-02,16,production,13200.0,14025.0,825.0,5,2
7,ETCH-02,17,production,14025.0,14850.0,825.0,5,2
7,ETCH-02,18,production,14850.0,15675.0,825.0,5,1
7,ETCH-02,19,production,15675.0,16500.0,825.0,5,2
7,ETCH-02,20,production,16500.0,17325.0,825.0,5,0
7,ETCH-02,21,production,17325.0,18150.0,825.0,5,2
7,ETCH-02,22,production,18150.0,18975.0,825.0,5,1
7,ETCH-02,23,production,18975.0,19800.0,825.0,5,2
7,ETCH-02,24,production,19800.0,20625.0,825.0,5,1
7,ETCH-02,25,production,20625.0,21450.0,825.0,5,1
7,ETCH-02,26,production,21450.0,22275.0,825.0,5,0
7,ETCH-02,27,production,22275.0,23100.0,825.0,5,0
7,ETCH-02,28,production,23100.0,23925.0,825.0,5,0
7,ETCH-02,29,production,23925.0,24750.0,825.0,5,0
7,ETCH-02,30,production,24750.0,25575.0,825.0,5,0
7,ETCH-02,31,production,25575.0,26400.0,825.0,5,1
7,ETCH-02,32,production,26400.0,27225.0,825.0,5,0
7,ETCH-02,33,production,27225.0,28050.0,825.0,5,0
7,ETCH-02,34,production,28050.0,28875.0,825.0,5,0
7,ETCH-02,35,production,28875.0,29700.0,825.0,5,0
7,ETCH-02,36,production,29700.0,30525.0,825.0,5,0
7,ETCH-02,37,production,30525.0,31350.0,825.0,5,0
7,ETCH-02,38,production,31350.0,32175.0,825.0,5,0
7,ETCH-02,39,production,32175.0,33000.0,825.0,5,0
7,ETCH-02,40,production,33000.0,33825.0,825.0,5,0
7,ETCH-02,41,production,33825.0,34650.0,825.0,5,0
7,ETCH-02,42,production,34650.0,35475.0,825.0,5,0
7,ETCH-02,43,production,35475.0,36300.0,825.0,5,0
7,ETCH-02,44,production,36300.0,37125.0,825.0,5,0
7,ETCH-02,45,production,37125.0,37950.0,825.0,5,0
7,ETCH-02,45,repair,37950.0,46090.174363140366,8140.174363140366,0,0
7,ETCH-02,46,production,46090.174363140366,46915.174363140366,825.0,5,5
7,ETCH-02,47,production,46915.174363140366,47740.174363140366,825.0,5,5
7,ETCH-02,48,production,47740.174363140366,48565.174363140366,825.0,5,5
7,ETCH-02,49,production,48565.174363140366,49390.174363140366,825.0,5,5
7,ETCH-02,50,production,49390.174363140366,50215.174363140366,825.0,5,5
7,ETCH-02,51,production,50215.174363140366,51040.174363140366,825.0,5,5
7,ETCH-02,52,production,51040.174363140366,51865.174363140366,825.0,5,5
7,ETCH-02,53,production,51865.174363140366,52690.174363140366,825.0,5,5
7,ETCH-02,54,production,52690.174363140366,53515.174363140366,825.0,5,5
7,ETCH-02,55,production,53515.174363140366,54340.174363140366,825.0,5,3
7,ETCH-02,56,production,54340.174363140366,55165.174363140366,825.0,5,5
7,ETCH-02,57,production,55165.174363140366,55990.174363140366,825.0,5,4
7,ETCH-02,58,production,55990.174363140366,56815.174363140366,825.0,5,4
7,ETCH-02,59,production,56815.174363140366,57640.174363140366,825.0,5,5
7,ETCH-02,60,production,57640.174363140366,58465.174363140366,825.0,5,2
7,ETCH-02,61,production,58465.174363140366,59290.174363140366,825.0,5,2
7,ETCH-02,62,production,59290.174363140366,60115.174363140366,825.0,5,1
7,ETCH-02,63,production,60115.174363140366,60940.174363140366,825.0,5,3
7,ETCH-02,64,production,60940.174363140366,61765.174363140366,825.0,5,1
7,ETCH-02,65,production,61765.174363140366,62590.174363140366,825.0,5,0
7,ETCH-02,66,production,62590.174363140366,63415.174363140366,825.0,5,2
7,ETCH-02,67,production,63415.174363140366,64240.174363140366,825.0,5,0
7,ETCH-02,68,production,64240.174363140366,65065.174363140366,825.0,5,0
7,ETCH-02,69,production,65065.174363140366,65890.17436314037,825.0,5,1
7,ETCH-02,70,production,65890.17436314037,66715.17436314037,825.0,5,0
7,ETCH-02,71,production,66715.17436314037,67540.17436314037,825.0,5,0
7,ETCH-02,72,production,67540.17436314037,68365.17436314037,825.0,5,0
7,ETCH-02,73,production,68365.17436314037,69190.17436314037,825.0,5,1
7,ETCH-02,74,production,69190.17436314037,70015.17436314037,825.0,5,0
7,ETCH-02,75,production,70015.17436314037,70840.17436314037,825.0,5,0
7,ETCH-02,76,production,70840.17436314037,71665.17436314037,825.0,5,0
7,ETCH-02,77,production,71665.17436314037,72490.17436314037,825.0,5,0
7,ETCH-02,78,production,72490.17436314037,73315.17436314037,825.0,5,0
7,ETCH-02,79,production,73315.17436314037,74140.17436314037,825.0,5,0
7,ETCH-02,80,production,74140.17436314037,74965.17436314037,825.0,5,0
7,ETCH-02,81,production,74965.17436314037,75790.17436314037,825.0,5,0
7,ETCH-02,82,production,75790.17436314037,76615.17436314037,825.0,5,0
7,ETCH-02,83,production,76615.17436314037,77440.17436314037,825.0,5,0
7,ETCH-02,84,production,77440.17436314037,78265.17436314037,825.0,5,0
7,ETCH-02,85,production,78265.17436314037,79090.17436314037,825.0,5,0
7,ETCH-02,86,production,79090.17436314037,79915.17436314037,825.0,5,0
7,ETCH-02,87,production,79915.17436314037,80740.17436314037,825.0,5,0
7,ETCH-02,88,production,80740.17436314037,81565.17436314037,825.0,5,0
7,ETCH-02,89,production,81565.17436314037,82390.17436314037,825.0,5,0
7,ETCH-02,90,production,82390.17436314037,83215.17436314037,825.0,5,0
7,ETCH-02,91,production,83215.17436314037,84040.17436314037,825.0,5,0
7,ETCH-02,92,production,84040.17436314037,84865.17436314037,825.0,5,0
7,ETCH-02,93,production,84865.17436314037,85690.17436314037,825.0,5,0
7,ETCH-02,94,production,85690.17436314037,86515.17436314037,825.0,5,0
7,ETCH-02,95,production,86515.17436314037,87340.17436314037,825.0,5,0
7,ETCH-02,96,production,87340.17436314037,88165.17436314037,825.0,5,0
7,ETCH-02,96,repair,88165.17436314037,92376.01303359891,4210.838670458541,0,0
7,ETCH-02,97,production,92376.01303359891,93201.01303359891,825.0,5,5
7,ETCH-02,98,production,93201.01303359891,94026.01303359891,825.0,5,5
7,ETCH-02,99,production,94026.01303359891,94851.01303359891,825.0,5,5
7,ETCH-02,100,production,94851.01303359891,95676.01303359891,825.0,5,5
7,ETCH-02,101,production,95676.01303359891,96501.01303359891,825.0,5,3
7,ETCH-02,102,production,96501.01303359891,97326.01303359891,825.0,5,5
7,ETCH-02,103,production,97326.01303359891,98151.01303359891,825.0,5,4
7,ETCH-02,104,production,98151.01303359891,98976.01303359891,825.0,5,4
7,ETCH-02,105,production,98976.01303359891,99801.01303359891,825.0,5,5
7,ETCH-02,106,production,99801.01303359891,100626.01303359891,825.0,5,5
7,ETCH-02,107,production,100626.01303359891,101451.01303359891,825.0,5,3
7,ETCH-02,108,production,101451.01303359891,102276.01303359891,825.0,5,3
7,ETCH-02,109,production,102276.01303359891,103101.01303359891,825.0,5,2
7,ETCH-02,110,production,103101.01303359891,103926.01303359891,825.0,5,4
7,ETCH-02,111,production,103926.01303359891,104751.01303359891,825.0,5,3
7,ETCH-02,112,production,104751.01303359891,105576.01303359891,825.0,5,4
7,ETCH-02,113,production,105576.01303359891,106401.01303359891,825.0,5,3
7,ETCH-02,114,production,106401.01303359891,107226.01303359891,825.0,5,4
7,ETCH-02,115,production,107226.01303359891,108051.01303359891,825.0,5,2
7,ETCH-02,116,production,108051.01303359891,108876.01303359891,825.0,5,2
7,ETCH-02,117,production,108876.01303359891,109701.01303359891,825.0,5,3
7,ETCH-02,118,production,109701.01303359891,110526.01303359891,825.0,5,1
7,ETCH-02,119,production,110526.01303359891,111351.01303359891,825.0,5,1
7,ETCH-02,120,production,111351.01303359891,112176.01303359891,825.0,5,2
7,ETCH-02,121,production,112176.01303359891,113001.01303359891,825.0,5,1
7,ETCH-02,122,production,113001.01303359891,113826.01303359891,825.0,5,0
7,ETCH-02,123,production,113826.01303359891,114651.01303359891,825.0,5,0
7,ETCH-02,124,production,114651.01303359891,115476.01303359891,825.0,5,0
7,ETCH-02,125,production,115476.01303359891,116301.01303359891,825.0,5,1
7,ETCH-02,126,production,116301.01303359891,117126.01303359891,825.0,5,0
7,ETCH-02,127,production,117126.01303359891,117951.01303359891,825.0,5,0
7,ETCH-02,128,production,117951.01303359891,118776.01303359891,825.0,5,0
7,ETCH-02,129,production,118776.01303359891,119601.01303359891,825.0,5,0
7,ETCH-02,130,production,119601.01303359891,120426.01303359891,825.0,5,0
7,ETCH-02,131,production,120426.01303359891,121251.01303359891,825.0,5,0
7,ETCH-02,132,production,121251.01303359891,122076.01303359891,825.0,5,0
7,ETCH-02,133,production,122076.01303359891,122901.01303359891,825.0,5,0
7,ETCH-02,134,production,122901.01303359891,123726.01303359891,825.0,5,0
7,ETCH-02,135,production,123726.01303359891,124551.01303359891,825.0,5,0
7,ETCH-02,136,production,124551.01303359891,125376.01303359891,825.0,5,0
7,ETCH-02,137,production,125376.01303359891,126201.01303359891,825.0,5,0
7,ETCH-02,138,production,126201.01303359891,127026.01303359891,825.0,5,0
7,ETCH-02,139,production,127026.01303359891,127851.01303359891,825.0,5,0
7,ETCH-02,140,production,127851.01303359891,128676.01303359891,825.0,5,0
7,ETCH-02,141,production,128676.01303359891,129501.01303359891,825.0,5,0
7,ETCH-02,142,production,129501.01303359891,130326.01303359891,825.0,5,0
7,ETCH-02,143,production,130326.01303359891,131151.0130335989,824.9999999999854,5,0
7,ETCH-02,144,production,131151.0130335989,131976.0130335989,825.0,5,0
7,ETCH-02,145,production,131976.0130335989,132801.0130335989,825.0,5,0
7,ETCH-02,145,repair,132801.0130335989,139995.25731376285,7194.244280163966,0,0
7,ETCH-02,146,production,139995.25731376285,140820.25731376285,825.0,5,5
7,ETCH-02,147,production,140820.25731376285,141645.25731376285,825.0,5,5
7,ETCH-02,148,production,141645.25731376285,142470.25731376285,825.0,5,4
7,ETCH-02,149,production,142470.25731376285,143295.25731376285,825.0,5,5
7,ETCH-02,150,production,143295.25731376285,144120.25731376285,825.0,5,5
7,ETCH-02,151,production,144120.25731376285,144945.25731376285,825.0,5,5
7,ETCH-02,152,production,144945.25731376285,145770.25731376285,825.0,5,5
7,ETCH-02,153,production,145770.25731376285,146595.25731376285,825.0,5,4
7,ETCH-02,154,production,146595.25731376285,147420.25731376285,825.0,5,3
7,ETCH-02,155,production,147420.25731376285,148245.25731376285,825.0,5,4
7,ETCH-02,156,production,148245.25731376285,149070.25731376285,825.0,5,3
7,ETCH-02,157,production,149070.25731376285,149895.25731376285,825.0,5,4
7,ETCH-02,158,production,149895.25731376285,150720.25731376285,825.0,5,4
7,ETCH-02,159,production,150720.25731376285,151545.25731376285,825.0,5,3
7,ETCH-02,160,production,151545.25731376285,152370.25731376285,825.0,5,5
7,ETCH-02,161,production,152370.25731376285,153195.25731376285,825.0,5,2
7,ETCH-02,162,production,153195.25731376285,154020.25731376285,825.0,5,3
7,ETCH-02,163,production,154020.25731376285,154845.25731376285,825.0,5,4
7,ETCH-02,164,production,154845.25731376285,155670.25731376285,825.0,5,2
7,ETCH-02,165,production,155670.25731376285,156495.25731376285,825.0,5,0
7,ETCH-02,166,production,156495.25731376285,157320.25731376285,825.0,5,3
7,ETCH-02,167,production,157320.25731376285,158145.25731376285,825.0,5,2
7,ETCH-02,168,production,158145.25731376285,158970.25731376285,825.0,5,1
7,ETCH-02,169,production,158970.25731376285,159795.25731376285,825.0,5,1
7,ETCH-02,170,production,159795.25731376285,160620.25731376285,825.0,5,0
7,ETCH-02,171,production,160620.25731376285,161445.25731376285,825.0,5,0
7,ETCH-02,172,production,161445.25731376285,162270.25731376285,825.0,5,0
7,ETCH-02,173,production,162270.25731376285,163095.25731376285,825.0,5,0
7,ETCH-02,174,production,163095.25731376285,163920.25731376285,825.0,5,0
7,ETCH-02,175,production,163920.25731376285,164745.25731376285,825.0,5,0
7,ETCH-02,176,production,164745.25731376285,165570.25731376285,825.0,5,2
7,ETCH-02,177,production,165570.25731376285,166395.25731376285,825.0,5,0
7,ETCH-02,178,production,166395.25731376285,167220.25731376285,825.0,5,0
7,ETCH-02,178,repair,167220.25731376285,172161.49462665242,4941.237312889566,0,0
7,ETCH-02,179,production,172161.49462665242,172986.49462665242,825.0,5,5
7,ETCH-02,180,production,172986.49462665242,173811.49462665242,825.0,5,5
7,ETCH-02,181,production,173811.49462665242,174636.49462665242,825.0,5,5
7,ETCH-02,182,production,174636.49462665242,175461.49462665242,825.0,5,4
7,ETCH-02,183,production,175461.49462665242,176286.49462665242,825.0,5,5
7,ETCH-02,184,production,176286.49462665242,177111.49462665242,825.0,5,5
7,ETCH-02,185,production,177111.49462665242,177936.49462665242,825.0,5,5
7,ETCH-02,186,production,177936.49462665242,178761.49462665242,825.0,5,2
7,ETCH-02,187,production,178761.49462665242,179586.49462665242,825.0,5,5
7,ETCH-02,188,production,179586.49462665242,180411.49462665242,825.0,5,3
7,ETCH-02,189,production,180411.49462665242,181236.49462665242,825.0,5,4
7,ETCH-02,190,production,181236.49462665242,182061.49462665242,825.0,5,4
7,ETCH-02,191,production,182061.49462665242,182886.49462665242,825.0,5,3
7,ETCH-02,192,production,182886.49462665242,183711.49462665242,825.0,5,3
7,ETCH-02,193,production,183711.49462665242,184536.49462665242,825.0,5,4
7,ETCH-02,194,production,184536.49462665242,185361.49462665242,825.0,5,3
7,ETCH-02,195,production,185361.49462665242,186186.49462665242,825.0,5,2
7,ETCH-02,196,production,186186.49462665242,187011.49462665242,825.0,5,1
7,ETCH-02,197,production,187011.49462665242,187836.49462665242,825.0,5,1
7,ETCH-02,198,production,187836.49462665242,188661.49462665242,825.0,5,2
7,ETCH-02,199,production,188661.49462665242,189486.49462665242,825.0,5,2
7,ETCH-02,200,production,189486.49462665242,190311.49462665242,825.0,5,2
7,ETCH-02,201,production,190311.49462665242,191136.49462665242,825.0,5,2
7,ETCH-02,202,production,191136.49462665242,191961.49462665242,825.0,5,0
7,ETCH-02,203,production,191961.49462665242,192786.49462665242,825.0,5,0
7,ETCH-02,204,production,192786.49462665242,193611.49462665242,825.0,5,0
7,ETCH-02,205,production,193611.49462665242,194436.49462665242,825.0,5,2
7,ETCH-02,206,production,194436.49462665242,195261.49462665242,825.0,5,0
7,ETCH-02,207,production,195261.49462665242,196086.49462665242,825.0,5,1
7,ETCH-02,208,production,196086.49462665242,196911.49462665242,825.0,5,0
7,ETCH-02,209,production,196911.49462665242,197736.49462665242,825.0,5,1
7,ETCH-02,210,production,197736.49462665242,198561.49462665242,825.0,5,1
7,ETCH-02,211,production,198561.49462665242,199386.49462665242,825.0,5,0
7,ETCH-02,212,production,199386.49462665242,200211.49462665242,825.0,5,1
7,ETCH-02,213,production,200211.49462665242,201036.49462665242,825.0,5,0
7,ETCH-02,214,production,201036.49462665242,201861.49462665242,825.0,5,0
7,ETCH-02,215,production,201861.49462665242,202686.49462665242,825.0,5,0
7,ETCH-02,216,production,202686.49462665242,203511.49462665242,825.0,5,0
7,ETCH-02,217,production,203511.49462665242,204336.49462665242,825.0,5,0
7,ETCH-02,218,production,204336.49462665242,205161.49462665242,825.0,5,0
7,ETCH-02,219,production,205161.49462665242,205986.49462665242,825.0,5,0
7,ETCH-02,220,production,205986.49462665242,206811.49462665242,825.0,5,0
7,ETCH-02,221,production,206811.49462665242,207636.49462665242,825.0,5,0
7,ETCH-02,222,production,207636.49462665242,208461.49462665242,825.0,5,0
7,ETCH-02,223,production,208461.49462665242,209286.49462665242,825.0,5,0
7,ETCH-02,224,production,209286.49462665242,210111.49462665242,825.0,5,0
7,ETCH-02,225,production,210111.49462665242,210936.49462665242,825.0,5,0
7,ETCH-02,226,production,210936.49462665242,211761.49462665242,825.0,5,0
7,ETCH-02,227,production,211761.49462665242,212586.49462665242,825.0,5,0
7,ETCH-02,228,production,212586.49462665242,213411.49462665242,825.0,5,0
7,ETCH-02,228,repair,213411.49462665242,221089.47274539256,7677.978118740146,0,0
7,ETCH-02,229,production,221089.47274539256,221914.47274539256,825.0,5,5
7,ETCH-02,230,production,221914.47274539256,222739.47274539256,825.0,5,5
7,ETCH-02,231,production,222739.47274539256,223564.47274539256,825.0,5,5
7,ETCH-02,232,production,223564.47274539256,224389.47274539256,825.0,5,5
7,ETCH-02,233,production,224389.47274539256,225214.47274539256,825.0,5,5
7,ETCH-02,234,production,225214.47274539256,226039.47274539256,825.0,5,5
7,ETCH-02,235,production,226039.47274539256,226864.47274539256,825.0,5,3
7,ETCH-02,236,production,226864.47274539256,227689.47274539256,825.0,5,5
7,ETCH-02,237,production,227689.47274539256,228514.47274539256,825.0,5,4
7,ETCH-02,238,production,228514.47274539256,229339.47274539256,825.0,5,4
7,ETCH-02,239,production,229339.47274539256,230164.47274539256,825.0,5,4
7,ETCH-03,0,production,0.0,825.0,825.0,5,5
7,ETCH-03,1,production,825.0,1650.0,825.0,5,5
7,ETCH-03,2,production,1650.0,2475.0,825.0,5,5
7,ETCH-03,2,repair,2475.0,7515.208881655354,5040.208881655354,0,0
7,ETCH-03,3,production,7515.208881655354,8340.208881655355,825.0000000000009,5,5
7,ETCH-03,4,production,8340.208881655355,9165.208881655355,825.0,5,5
7,ETCH-03,5,production,9165.208881655355,9990.208881655355,825.0,5,5
7,ETCH-03,6,production,9990.208881655355,10815.208881655355,825.0,5,5
7,ETCH-03,7,production,10815.208881655355,11640.208881655355,825.0,5,5
7,ETCH-03,8,production,11640.208881655355,12465.208881655355,825.0,5,5
7,ETCH-03,9,production,12465.208881655355,13290.208881655355,825.0,5,5
7,ETCH-03,10,production,13290.208881655355,14115.208881655355,825.0,5,5
7,ETCH-03,11,production,14115.208881655355,14940.208881655355,825.0,5,5
7,ETCH-03,12,production,14940.208881655355,15765.208881655355,825.0,5,5
7,ETCH-03,13,production,15765.208881655355,16590.208881655355,825.0,5,5
7,ETCH-03,14,production,16590.208881655355,17415.208881655355,825.0,5,5
7,ETCH-03,15,production,17415.208881655355,18240.208881655355,825.0,5,5
7,ETCH-03,16,production,18240.208881655355,19065.208881655355,825.0,5,5
7,ETCH-03,17,production,19065.208881655355,19890.208881655355,825.0,5,5
7,ETCH-03,18,production,19890.208881655355,20715.208881655355,825.0,5,5
7,ETCH-03,19,production,20715.208881655355,21540.208881655355,825.0,5,5
7,ETCH-03,20,production,21540.208881655355,22365.208881655355,825.0,5,5
7,ETCH-03,21,production,22365.208881655355,23190.208881655355,825.0,5,5
7,ETCH-03,22,production,23190.208881655355,24015.208881655355,825.0,5,5
7,ETCH-03,23,production,24015.208881655355,24840.208881655355,825.0,5,5
7,ETCH-03,24,production,24840.208881655355,25665.208881655355,825.0,5,5
7,ETCH-03,25,production,25665.208881655355,26490.208881655355,825.0,5,5
7,ETCH-03,26,production,26490.208881655355,27315.208881655355,825.0,5,5
7,ETCH-03,27,production,27315.208881655355,28140.208881655355,825.0,5,5
7,ETCH-03,28,production,28140.208881655355,28965.208881655355,825.0,5,5
7,ETCH-03,29,production,28965.208881655355,29790.208881655355,825.0,5,5
7,ETCH-03,30,production,29790.208881655355,30615.208881655355,825.0,5,5
7,ETCH-03,31,production,30615.208881655355,31440.208881655355,825.0,5,5
7,ETCH-03,32,production,31440.208881655355,32265.208881655355,825.0,5,5
7,ETCH-03,33,production,32265.208881655355,33090.20888165536,825.0000000000036,5,5
7,ETCH-03,34,production,33090.20888165536,33915.20888165536,825.0,5,5
7,ETCH-03,35,production,33915.20888165536,34740.20888165536,825.0,5,5
7,ETCH-03,36,production,34740.20888165536,35565.20888165536,825.0,5,5
7,ETCH-03,37,production,35565.20888165536,36390.20888165536,825.0,5,4
7,ETCH-03,38,production,36390.20888165536,37215.20888165536,825.0,5,5
7,ETCH-03,39,production,37215.20888165536,38040.20888165536,825.0,5,5
7,ETCH-03,40,production,38040.20888165536,38865.20888165536,825.0,5,5
7,ETCH-03,41,production,38865.20888165536,39690.20888165536,825.0,5,5
7,ETCH-03,42,production,39690.20888165536,40515.20888165536,825.0,5,5
7,ETCH-03,43,production,40515.20888165536,41340.20888165536,825.0,5,5
7,ETCH-03,44,production,41340.20888165536,42165.20888165536,825.0,5,4
7,ETCH-03,45,production,42165.20888165536,42990.20888165536,825.0,5,5
7,ETCH-03,46,production,42990.20888165536,43815.20888165536,825.0,5,5
7,ETCH-03,47,production,43815.20888165536,44640.20888165536,825.0,5,5
7,ETCH-03,48,production,44640.20888165536,45465.20888165536,825.0,5,4
7,ETCH-03,49,production,45465.20888165536,46290.20888165536,825.0,5,4
7,ETCH-03,50,production,46290.20888165536,47115.20888165536,825.0,5,5
7,ETCH-03,51,production,47115.20888165536,47940.20888165536,825.0,5,5
7,ETCH-03,52,production,47940.20888165536,48765.20888165536,825.0,5,5
7,ETCH-03,53,production,48765.20888165536,49590.20888165536,825.0,5,5
7,ETCH-03,54,production,49590.20888165536,50415.20888165536,825.0,5,5
7,ETCH-03,55,production,50415.20888165536,51240.20888165536,825.0,5,5
7,ETCH-03,56,production,51240.20888165536,52065.20888165536,825.0,5,5
7,ETCH-03,57,production,52065.20888165536,52890.20888165536,825.0,5,4
7,ETCH-03,58,production,52890.20888165536,53715.20888165536,825.0,5,4
7,ETCH-03,59,production,53715.20888165536,54540.20888165536,825.0,5,5
7,ETCH-03,60,production,54540.20888165536,55365.20888165536,825.0,5,5
7,ETCH-03,60,repair,55365.20888165536,67200.72594902806,11835.517067372703,0,0
7,ETCH-03,61,production,67200.72594902806,68025.72594902806,825.0,5,4
7,ETCH-03,62,production,68025.72594902806,68850.72594902806,825.0,5,5
7,ETCH-03,63,production,68850.72594902806,69675.72594902806,825.0,5,5
7,ETCH-03,64,production,69675.72594902806,70500.72594902806,825.0,5,5
7,ETCH-03,65,production,70500.72594902806,71325.72594902806,825.0,5,5
7,ETCH-03,66,production,71325.72594902806,72150.72594902806,825.0,5,5
7,ETCH-03,67,production,72150.72594902806,72975.72594902806,825.0,5,5
7,ETCH-03,68,production,72975.72594902806,73800.72594902806,825.0,5,5
7,ETCH-03,69,production,73800.72594902806,74625.72594902806,825.0,5,5
7,ETCH-03,70,production,74625.72594902806,75450.72594902806,825.0,5,5
7,ETCH-03,71,production,75450.72594902806,76275.72594902806,825.0,5,5
7,ETCH-03,71,repair,76275.72594902806,84756.23426932847,8480.508320300416,0,0
7,ETCH-03,72,production,84756.23426932847,85581.23426932847,825.0,5,5
7,ETCH-03,73,production,85581.23426932847,86406.23426932847,825.0,5,5
7,ETCH-03,74,production,86406.23426932847,87231.23426932847,825.0,5,4
7,ETCH-03,75,production,87231.23426932847,88056.23426932847,825.0,5,5
7,ETCH-03,76,production,88056.23426932847,88881.23426932847,825.0,5,5
7,ETCH-03,77,production,88881.23426932847,89706.23426932847,825.0,5,4
7,ETCH-03,78,production,89706.23426932847,90531.23426932847,825.0,5,5
7,ETCH-03,79,production,90531.23426932847,91356.23426932847,825.0,5,5
7,ETCH-03,80,production,91356.23426932847,92181.23426932847,825.0,5,5
7,ETCH-03,81,production,92181.23426932847,93006.23426932847,825.0,5,5
7,ETCH-03,82,production,93006.23426932847,93831.23426932847,825.0,5,5
7,ETCH-03,83,production,93831.23426932847,94656.23426932847,825.0,5,5
7,ETCH-03,84,production,94656.23426932847,95481.23426932847,825.0,5,5
7,ETCH-03,85,production,95481.23426932847,96306.23426932847,825.0,5,5
7,ETCH-03,86,production,96306.23426932847,97131.23426932847,825.0,5,5
7,ETCH-03,87,production,97131.23426932847,97956.23426932847,825.0,5,5
7,ETCH-03,88,production,97956.23426932847,98781.23426932847,825.0,5,5
7,ETCH-03,89,production,98781.23426932847,99606.23426932847,825.0,5,5
7,ETCH-03,90,production,99606.23426932847,100431.23426932847,825.0,5,5
7,ETCH-03,91,production,100431.23426932847,101256.23426932847,825.0,5,5
7,ETCH-03,92,production,101256.23426932847,102081.23426932847,825.0,5,5
7,ETCH-03,93,production,102081.23426932847,102906.23426932847,825.0,5,5
7,ETCH-03,94,production,102906.23426932847,103731.23426932847,825.0,5,5
7,ETCH-03,95,production,103731.23426932847,104556.23426932847,825.0,5,5
7,ETCH-03,96,production,104556.23426932847,105381.23426932847,825.0,5,4
7,ETCH-03,97,production,105381.23426932847,106206.23426932847,825.0,5,5
7,ETCH-03,98,production,106206.23426932847,107031.23426932847,825.0,5,5
7,ETCH-03,99,production,107031.23426932847,107856.23426932847,825.0,5,5
7,ETCH-03,100,production,107856.23426932847,108681.23426932847,825.0,5,5
7,ETCH-03,101,production,108681.23426932847,109506.23426932847,825.0,5,4
7,ETCH-03,102,production,109506.23426932847,110331.23426932847,825.0,5,5
7,ETCH-03,103,production,110331.23426932847,111156.23426932847,825.0,5,5
7,ETCH-03,104,production,111156.23426932847,111981.23426932847,825.0,5,5
7,ETCH-03,105,production,111981.23426932847,112806.23426932847,825.0,5,4
7,ETCH-03,106,production,112806.23426932847,113631.23426932847,825.0,5,5
7,ETCH-03,107,production,113631.23426932847,114456.23426932847,825.0,5,4
7,ETCH-03,108,production,114456.23426932847,115281.23426932847,825.0,5,5
7,ETCH-03,109,production,115281.23426932847,116106.23426932847,825.0,5,5
7,ETCH-03,110,production,116106.23426932847,116931.23426932847,825.0,5,5
7,ETCH-03,111,production,116931.23426932847,117756.23426932847,825.0,5,5
7,ETCH-03,112,production,117756.23426932847,118581.23426932847,825.0,5,5
7,ETCH-03,113,production,118581.23426932847,119406.23426932847,825.0,5,5
7,ETCH-03,114,production,119406.23426932847,120231.23426932847,825.0,5,5
7,ETCH-03,115,production,120231.23426932847,121056.23426932847,825.0,5,5
7,ETCH-03,116,production,121056.23426932847,121881.23426932847,825.0,5,5
7,ETCH-03,117,production,121881.23426932847,122706.23426932847,825.0,5,4
7,ETCH-03,118,production,122706.23426932847,123531.23426932847,825.0,5,5
7,ETCH-03,119,production,123531.23426932847,124356.23426932847,825.0,5,4
7,ETCH-03,120,production,124356.23426932847,125181.23426932847,825.0,5,5
7,ETCH-03,121,production,125181.23426932847,126006.23426932847,825.0,5,4
7,ETCH-03,122,production,126006.23426932847,126831.23426932847,825.0,5,5
7,ETCH-03,123,production,126831.23426932847,127656.23426932847,825.0,5,4
7,ETCH-03,124,production,127656.23426932847,128481.23426932847,825.0,5,5
7,ETCH-03,125,production,128481.23426932847,129306.23426932847,825.0,5,4
7,ETCH-03,126,production,129306.23426932847,130131.23426932847,825.0,5,5
7,ETCH-03,127,production,130131.23426932847,130956.23426932847,825.0,5,5
7,ETCH-03,128,production,130956.23426932847,131781.23426932847,825.0,5,5
7,ETCH-03,129,production,131781.23426932847,132606.23426932847,825.0,5,5
7,ETCH-03,129,repair,132606.23426932847,136991.3243643208,4385.090094992327,0,0
7,ETCH-03,130,production,136991.3243643208,137816.3243643208,825.0,5,5
7,ETCH-03,131,production,137816.3243643208,138641.3243643208,825.0,5,5
7,ETCH-03,132,production,138641.3243643208,139466.3243643208,825.0,5,5
7,ETCH-03,133,production,139466.3243643208,140291.3243643208,825.0,5,5
7,ETCH-03,134,production,140291.3243643208,141116.3243643208,825.0,5,5
7,ETCH-03,135,production,141116.3243643208,141941.3243643208,825.0,5,5
7,ETCH-03,136,production,141941.3243643208,142766.3243643208,825.0,5,5
7,ETCH-03,137,production,142766.3243643208,143591.3243643208,825.0,5,5
7,ETCH-03,138,production,143591.3243643208,144416.3243643208,825.0,5,5
7,ETCH-03,139,production,144416.3243643208,145241.3243643208,825.0,5,5
7,ETCH-03,140,production,145241.3243643208,146066.3243643208,825.0,5,5
7,ETCH-03,141,production,146066.3243643208,146891.3243643208,825.0,5,5
7,ETCH-03,142,production,146891.3243643208,147716.3243643208,825.0,5,5
7,ETCH-03,143,production,147716.3243643208,148541.3243643208,825.0,5,5
7,ETCH-03,144,production,148541.3243643208,149366.3243643208,825.0,5,5
7,ETCH-03,145,production,149366.3243643208,150191.3243643208,825.0,5,5
7,ETCH-03,146,production,150191.3243643208,151016.3243643208,825.0,5,5
7,ETCH-03,147,production,151016.3243643208,151841.3243643208,825.0,5,5
7,ETCH-03,148,production,151841.3243643208,152666.3243643208,825.0,5,5
7,ETCH-03,149,production,152666.3243643208,153491.3243643208,825.0,5,5
7,ETCH-03,150,production,153491.3243643208,154316.3243643208,825.0,5,5
7,ETCH-03,151,production,154316.3243643208,155141.3243643208,825.0,5,4
7,ETCH-03,152,production,155141.3243643208,155966.3243643208,825.0,5,5
7,ETCH-03,153,production,155966.3243643208,156791.3243643208,825.0,5,5
7,ETCH-03,154,production,156791.3243643208,157616.3243643208,825.0,5,5
7,ETCH-03,155,production,157616.3243643208,158441.3243643208,825.0,5,5
7,ETCH-03,156,production,158441.3243643208,159266.3243643208,825.0,5,4
7,ETCH-03,157,production,159266.3243643208,160091.3243643208,825.0,5,5
7,ETCH-03,158,production,160091.3243643208,160916.3243643208,825.0,5,5
7,ETCH-03,159,production,160916.3243643208,161741.3243643208,825.0,5,5
7,ETCH-03,160,production,161741.3243643208,162566.3243643208,825.0,5,5
7,ETCH-03,161,production,162566.3243643208,163391.3243643208,825.0,5,5
7,ETCH-03,162,production,163391.3243643208,164216.3243643208,825.0,5,5
7,ETCH-03,163,production,164216.3243643208,165041.3243643208,825.0,5,4
7,ETCH-03,164,production,165041.3243643208,165866.3243643208,825.0,5,5
7,ETCH-03,165,production,165866.3243643208,166691.3243643208,825.0,5,5
7,ETCH-03,166,production,166691.3243643208,167516.3243643208,825.0,5,5
7,ETCH-03,167,production,167516.3243643208,168341.3243643208,825.0,5,5
7,ETCH-03,168,production,168341.3243643208,169166.3243643208,825.0,5,5
7,ETCH-03,169,production,169166.3243643208,169991.3243643208,825.0,5,5
7,ETCH-03,170,production,169991.3243643208,170816.3243643208,825.0,5,5
7,ETCH-03,170,repair,170816.3243643208,177276.29300386662,6459.968639545825,0,0
7,ETCH-03,171,production,177276.29300386662,178101.29300386662,825.0,5,5
7,ETCH-03,172,production,178101.29300386662,178926.29300386662,825.0,5,4
7,ETCH-03,173,production,178926.29300386662,179751.29300386662,825.0,5,5
7,ETCH-03,174,production,179751.29300386662,180576.29300386662,825.0,5,5
7,ETCH-03,175,production,180576.29300386662,181401.29300386662,825.0,5,5
7,ETCH-03,176,production,181401.29300386662,182226.29300386662,825.0,5,5
7,ETCH-03,177,production,182226.29300386662,183051.29300386662,825.0,5,5
7,ETCH-03,178,production,183051.29300386662,183876.29300386662,825.0,5,5
7,ETCH-03,179,production,183876.29300386662,184701.29300386662,825.0,5,4
7,ETCH-03,180,production,184701.29300386662,185526.29300386662,825.0,5,5
7,ETCH-03,181,production,185526.29300386662,186351.29300386662,825.0,5,5
7,ETCH-03,182,production,186351.29300386662,187176.29300386662,825.0,5,4
7,ETCH-03,183,production,187176.29300386662,188001.29300386662,825.0,5,5
7,ETCH-03,184,production,188001.29300386662,188826.29300386662,825.0,5,5
7,ETCH-03,185,production,188826.29300386662,189651.29300386662,825.0,5,5
7,ETCH-03,186,production,189651.29300386662,190476.29300386662,825.0,5,4
7,ETCH-03,187,production,190476.29300386662,191301.29300386662,825.0,5,5
7,ETCH-03,188,production,191301.29300386662,192126.29300386662,825.0,5,5
7,ETCH-03,189,production,192126.29300386662,192951.29300386662,825.0,5,5
7,ETCH-03,190,production,192951.29300386662,193776.29300386662,825.0,5,5
7,ETCH-03,191,production,193776.29300386662,194601.29300386662,825.0,5,4
7,ETCH-03,192,production,194601.29300386662,195426.29300386662,825.0,5,4
7,ETCH-03,193,production,195426.29300386662,196251.29300386662,825.0,5,4
7,ETCH-03,194,production,196251.29300386662,197076.29300386662,825.0,5,5
7,ETCH-03,195,production,197076.29300386662,197901.29300386662,825.0,5,5
7,ETCH-03,196,production,197901.29300386662,198726.29300386662,825.0,5,5
7,ETCH-03,197,production,198726.29300386662,199551.29300386662,825.0,5,5
7,ETCH-03,198,production,199551.29300386662,200376.29300386662,825.0,5,5
7,ETCH-03,199,production,200376.29300386662,201201.29300386662,825.0,5,5
7,ETCH-03,200,production,201201.29300386662,202026.29300386662,825.0,5,5
7,ETCH-03,201,production,202026.29300386662,202851.29300386662,825.0,5,5
7,ETCH-03,202,production,202851.29300386662,203676.29300386662,825.0,5,5
7,ETCH-03,203,production,203676.29300386662,204501.29300386662,825.0,5,5
7,ETCH-03,204,production,204501.29300386662,205326.29300386662,825.0,5,5
7,ETCH-03,205,production,205326.29300386662,206151.29300386662,825.0,5,5
7,ETCH-03,206,production,206151.29300386662,206976.29300386662,825.0,5,5
7,ETCH-03,207,production,206976.29300386662,207801.29300386662,825.0,5,5
7,ETCH-03,208,production,207801.29300386662,208626.29300386662,825.0,5,5
7,ETCH-03,209,production,208626.29300386662,209451.29300386662,825.0,5,4
7,ETCH-03,210,production,209451.29300386662,210276.29300386662,825.0,5,5
7,ETCH-03,211,production,210276.29300386662,211101.29300386662,825.0,5,5
7,ETCH-03,212,production,211101.29300386662,211926.29300386662,825.0,5,5
7,ETCH-03,212,repair,211926.29300386662,225305.31842068792,13379.025416821303,0,0
7,ETCH-03,213,production,225305.31842068792,226130.31842068792,825.0,5,5
7,ETCH-03,214,production,226130.31842068792,226955.31842068792,825.0,5,4
7,ETCH-03,215,production,226955.31842068792,227780.31842068792,825.0,5,3
7,ETCH-03,216,production,227780.31842068792,228605.31842068792,825.0,5,5
7,ETCH-03,217,production,228605.31842068792,229430.31842068792,825.0,5,5
7,ETCH-03,218,production,229430.31842068792,230255.31842068792,825.0,5,5
7,ETCH-03,219,production,230255.31842068792,231080.31842068792,825.0,5,5
7,ETCH-03,220,production,231080.31842068792,231905.31842068792,825.0,5,5
7,ETCH-03,221,production,231905.31842068792,232730.31842068792,825.0,5,5
7,ETCH-03,222,production,232730.31842068792,233555.31842068792,825.0,5,5
7,ETCH-03,223,production,233555.31842068792,234380.31842068792,825.0,5,5
7,ETCH-03,224,production,234380.31842068792,235205.31842068792,825.0,5,5
7,ETCH-03,225,production,235205.31842068792,236030.31842068792,825.0,5,5
7,ETCH-03,226,production,236030.31842068792,236855.31842068792,825.0,5,5
7,ETCH-03,227,production,236855.31842068792,237680.31842068792,825.0,5,5
7,ETCH-03,228,production,237680.31842068792,238505.31842068792,825.0,5,5
7,ETCH-03,229,production,238505.31842068792,239330.31842068792,825.0,5,5
7,ETCH-03,230,production,239330.31842068792,240155.31842068792,825.0,5,5
7,ETCH-03,231,production,240155.31842068792,240980.31842068792,825.0,5,5
7,ETCH-03,232,production,240980.31842068792,241805.31842068792,825.0,5,5
7,ETCH-03,233,production,241805.31842068792,242630.31842068792,825.0,5,5
7,ETCH-03,234,production,242630.31842068792,243455.31842068792,825.0,5,5
7,ETCH-03,235,production,243455.31842068792,244280.31842068792,825.0,5,5
7,ETCH-03,236,production,244280.31842068792,245105.31842068792,825.0,5,5
7,ETCH-03,237,production,245105.31842068792,245930.31842068792,825.0,5,5
7,ETCH-03,238,production,245930.31842068792,246755.31842068792,825.0,5,5
7,ETCH-03,239,production,246755.31842068792,247580.31842068792,825.0,5,5
7,ETCH-04,0,production,0.0,825.0,825.0,5,5
7,ETCH-04,1,production,825.0,1650.0,825.0,5,5
7,ETCH-04,2,production,1650.0,2475.0,825.0,5,5
7,ETCH-04,3,production,2475.0,3300.0,825.0,5,5
7,ETCH-04,4,production,3300.0,4125.0,825.0,5,5
7,ETCH-04,5,production,4125.0,4950.0,825.0,5,5
7,ETCH-04,6,production,4950.0,5775.0,825.0,5,5
7,ETCH-04,7,production,5775.0,6600.0,825.0,5,5
7,ETCH-04,8,production,6600.0,7425.0,825.0,5,5
7,ETCH-04,9,production,7425.0,8250.0,825.0,5,5
7,ETCH-04,10,production,8250.0,9075.0,825.0,5,5
7,ETCH-04,11,production,9075.0,9900.0,825.0,5,4
7,ETCH-04,12,production,9900.0,10725.0,825.0,5,5
7,ETCH-04,13,production,10725.0,11550.0,825.0,5,5
7,ETCH-04,14,production,11550.0,12375.0,825.0,5,4
7,ETCH-04,15,production,12375.0,13200.0,825.0,5,5
7,ETCH-04,16,production,13200.0,14025.0,825.0,5,5
7,ETCH-04,17,production,14025.0,14850.0,825.0,5,5
7,ETCH-04,18,production,14850.0,15675.0,825.0,5,5
7,ETCH-04,19,production,15675.0,16500.0,825.0,5,5
7,ETCH-04,20,production,16500.0,17325.0,825.0,5,5
7,ETCH-04,21,production,17325.0,18150.0,825.0,5,5
7,ETCH-04,22,production,18150.0,18975.0,825.0,5,4
7,ETCH-04,23,production,18975.0,19800.0,825.0,5,5
7,ETCH-04,24,production,19800.0,20625.0,825.0,5,4
7,ETCH-04,25,production,20625.0,21450.0,825.0,5,2
7,ETCH-04,26,production,21450.0,22275.0,825.0,5,5
7,ETCH-04,27,production,22275.0,23100.0,825.0,5,2
7,ETCH-04,28,production,23100.0,23925.0,825.0,5,4
7,ETCH-04,29,production,23925.0,24750.0,825.0,5,5
7,ETCH-04,30,production,24750.0,25575.0,825.0,5,5
7,ETCH-04,31,production,25575.0,26400.0,825.0,5,3
7,ETCH-04,32,production,26400.0,27225.0,825.0,5,3
7,ETCH-04,33,production,27225.0,28050.0,825.0,5,1
7,ETCH-04,34,production,28050.0,28875.0,825.0,5,3
7,ETCH-04,35,production,28875.0,29700.0,825.0,5,4
7,ETCH-04,36,production,29700.0,30525.0,825.0,5,4
7,ETCH-04,37,production,30525.0,31350.0,825.0,5,2
7,ETCH-04,38,production,31350.0,32175.0,825.0,5,1
7,ETCH-04,39,production,32175.0,33000.0,825.0,5,2
7,ETCH-04,40,production,33000.0,33825.0,825.0,5,1
7,ETCH-04,41,production,33825.0,34650.0,825.0,5,0
7,ETCH-04,42,production,34650.0,35475.0,825.0,5,1
7,ETCH-04,43,production,35475.0,36300.0,825.0,5,1
7,ETCH-04,44,production,36300.0,37125.0,825.0,5,0
7,ETCH-04,45,production,37125.0,37950.0,825.0,5,0
7,ETCH-04,46,production,37950.0,38775.0,825.0,5,1
7,ETCH-04,47,production,38775.0,39600.0,825.0,5,0
7,ETCH-04,48,production,39600.0,40425.0,825.0,5,0
7,ETCH-04,49,production,40425.0,41250.0,825.0,5,0
7,ETCH-04,50,production,41250.0,42075.0,825.0,5,0
7,ETCH-04,51,production,42075.0,42900.0,825.0,5,0
7,ETCH-04,52,production,42900.0,43725.0,825.0,5,0
7,ETCH-04,53,production,43725.0,44550.0,825.0,5,0
7,ETCH-04,54,production,44550.0,45375.0,825.0,5,0
7,ETCH-04,54,repair,45375.0,50516.45498990736,5141.454989907363,0,0
7,ETCH-04,55,production,50516.45498990736,51341.45498990736,825.0,5,5
7,ETCH-04,56,production,51341.45498990736,52166.45498990736,825.0,5,5
7,ETCH-04,57,production,52166.45498990736,52991.45498990736,825.0,5,5
7,ETCH-04,58,production,52991.45498990736,53816.45498990736,825.0,5,5
7,ETCH-04,59,production,53816.45498990736,54641.45498990736,825.0,5,5
7,ETCH-04,60,production,54641.45498990736,55466.45498990736,825.0,5,5
7,ETCH-04,61,production,55466.45498990736,56291.45498990736,825.0,5,5
7,ETCH-04,62,production,56291.45498990736,57116.45498990736,825.0,5,5
7,ETCH-04,63,production,57116.45498990736,57941.45498990736,825.0,5,5
7,ETCH-04,64,production,57941.45498990736,58766.45498990736,825.0,5,5
7,ETCH-04,65,production,58766.45498990736,59591.45498990736,825.0,5,5
7,ETCH-04,66,production,59591.45498990736,60416.45498990736,825.0,5,5
7,ETCH-04,67,production,60416.45498990736,61241.45498990736,825.0,5,4
7,ETCH-04,68,production,61241.45498990736,62066.45498990736,825.0,5,5
7,ETCH-04,69,production,62066.45498990736,62891.45498990736,825.0,5,4
7,ETCH-04,70,production,62891.45498990736,63716.45498990736,825.0,5,5
7,ETCH-04,71,production,63716.45498990736,64541.45498990736,825.0,5,5
7,ETCH-04,72,production,64541.45498990736,65366.45498990736,825.0,5,5
7,ETCH-04,73,production,65366.45498990736,66191.45498990736,825.0,5,5
7,ETCH-04,74,production,66191.45498990736,67016.45498990736,825.0,5,5
7,ETCH-04,75,production,67016.45498990736,67841.45498990736,825.0,5,5
7,ETCH-04,76,production,67841.45498990736,68666.45498990736,825.0,5,4
7,ETCH-04,77,production,68666.45498990736,69491.45498990736,825.0,5,5
7,ETCH-04,78,production,69491.45498990736,70316.45498990736,825.0,5,5
7,ETCH-04,79,production,70316.45498990736,71141.45498990736,825.0,5,3
7,ETCH-04,80,production,71141.45498990736,71966.45498990736,825.0,5,5
7,ETCH-04,81,production,71966.45498990736,72791.45498990736,825.0,5,5
7,ETCH-04,82,production,72791.45498990736,73616.45498990736,825.0,5,4
7,ETCH-04,83,production,73616.45498990736,74441.45498990736,825.0,5,5
7,ETCH-04,84,production,74441.45498990736,75266.45498990736,825.0,5,5
7,ETCH-04,85,production,75266.45498990736,76091.45498990736,825.0,5,3
7,ETCH-04,86,production,76091.45498990736,76916.45498990736,825.0,5,3
7,ETCH-04,87,production,76916.45498990736,77741.45498990736,825.0,5,3
7,ETCH-04,88,production,77741.45498990736,78566.45498990736,825.0,5,2
7,ETCH-04,89,production,78566.45498990736,79391.45498990736,825.0,5,2
7,ETCH-04,90,production,79391.45498990736,80216.45498990736,825.0,5,2
7,ETCH-04,91,production,80216.45498990736,81041.45498990736,825.0,5,1
7,ETCH-04,92,production,81041.45498990736,81866.45498990736,825.0,5,0
7,ETCH-04,93,production,81866.45498990736,82691.45498990736,825.0,5,1
7,ETCH-04,94,production,82691.45498990736,83516.45498990736,825.0,5,2
7,ETCH-04,95,production,83516.45498990736,84341.45498990736,825.0,5,1
7,ETCH-04,96,production,84341.45498990736,85166.45498990736,825.0,5,1
7,ETCH-04,97,production,85166.45498990736,85991.45498990736,825.0,5,0
7,ETCH-04,98,production,85991.45498990736,86816.45498990736,825.0,5,1
7,ETCH-04,99,production,86816.45498990736,87641.45498990736,825.0,5,0
7,ETCH-04,100,production,87641.45498990736,88466.45498990736,825.0,5,0
7,ETCH-04,101,production,88466.45498990736,89291.45498990736,825.0,5,0
7,ETCH-04,102,production,89291.45498990736,90116.45498990736,825.0,5,0
7,ETCH-04,103,production,90116.45498990736,90941.45498990736,825.0,5,0
7,ETCH-04,104,production,90941.45498990736,91766.45498990736,825.0,5,0
7,ETCH-04,105,production,91766.45498990736,92591.45498990736,825.0,5,0
7,ETCH-04,106,production,92591.45498990736,93416.45498990736,825.0,5,0
7,ETCH-04,107,production,93416.45498990736,94241.45498990736,825.0,5,0
7,ETCH-04,108,production,94241.45498990736,95066.45498990736,825.0,5,0
7,ETCH-04,108,repair,95066.45498990736,100746.52136233302,5680.066372425659,0,0
7,ETCH-04,109,production,100746.52136233302,101571.52136233302,825.0,5,5
7,ETCH-04,110,production,101571.52136233302,102396.52136233302,825.0,5,5
7,ETCH-04,111,production,102396.52136233302,103221.52136233302,825.0,5,5
7,ETCH-04,112,production,103221.52136233302,104046.52136233302,825.0,5,5
7,ETCH-04,113,production,104046.52136233302,104871.52136233302,825.0,5,5
7,ETCH-04,114,production,104871.52136233302,105696.52136233302,825.0,5,5
7,ETCH-04,115,production,105696.52136233302,106521.52136233302,825.0,5,5
7,ETCH-04,115,repair,106521.52136233302,111585.97019571479,5064.448833381774,0,0
7,ETCH-04,116,production,111585.97019571479,112410.97019571479,825.0,5,5
7,ETCH-04,117,production,112410.97019571479,113235.97019571479,825.0,5,5
7,ETCH-04,118,production,113235.97019571479,114060.97019571479,825.0,5,5
7,ETCH-04,119,production,114060.97019571479,114885.97019571479,825.0,5,5
7,ETCH-04,120,production,114885.97019571479,115710.97019571479,825.0,5,5
7,ETCH-04,121,production,115710.97019571479,116535.97019571479,825.0,5,5
7,ETCH-04,122,production,116535.97019571479,117360.97019571479,825.0,5,5
7,ETCH-04,123,production,117360.97019571479,118185.97019571479,825.0,5,5
7,ETCH-04,124,production,118185.97019571479,119010.97019571479,825.0,5,5
7,ETCH-04,125,production,119010.97019571479,119835.97019571479,825.0,5,5
7,ETCH-04,126,production,119835.97019571479,120660.97019571479,825.0,5,5
7,ETCH-04,127,production,120660.97019571479,121485.97019571479,825.0,5,5
7,ETCH-04,128,production,121485.97019571479,122310.97019571479,825.0,5,4
7,ETCH-04,129,production,122310.97019571479,123135.97019571479,825.0,5,5
7,ETCH-04,130,production,123135.97019571479,123960.97019571479,825.0,5,5
7,ETCH-04,131,production,123960.97019571479,124785.97019571479,825.0,5,5
7,ETCH-04,132,production,124785.97019571479,125610.97019571479,825.0,5,5
7,ETCH-04,133,production,125610.97019571479,126435.97019571479,825.0,5,4
7,ETCH-04,134,production,126435.97019571479,127260.97019571479,825.0,5,5
7,ETCH-04,135,production,127260.97019571479,128085.97019571479,825.0,5,5
7,ETCH-04,136,production,128085.97019571479,128910.97019571479,825.0,5,5
7,ETCH-04,137,production,128910.97019571479,129735.97019571479,825.0,5,4
7,ETCH-04,138,production,129735.97019571479,130560.97019571479,825.0,5,5
7,ETCH-04,139,production,130560.97019571479,131385.9701957148,825.0,5,5
7,ETCH-04,140,production,131385.9701957148,132210.9701957148,825.0,5,4
7,ETCH-04,141,production,132210.9701957148,133035.9701957148,825.0,5,4
7,ETCH-04,142,production,133035.9701957148,133860.9701957148,825.0,5,5
7,ETCH-04,143,production,133860.9701957148,134685.9701957148,825.0,5,5
7,ETCH-04,144,production,134685.9701957148,135510.9701957148,825.0,5,5
7,ETCH-04,145,production,135510.9701957148,136335.9701957148,825.0,5,5
7,ETCH-04,146,production,136335.9701957148,137160.9701957148,825.0,5,2
7,ETCH-04,147,production,137160.9701957148,137985.9701957148,825.0,5,4
7,ETCH-04,148,production,137985.9701957148,138810.9701957148,825.0,5,3
7,ETCH-04,149,production,138810.9701957148,139635.9701957148,825.0,5,2
7,ETCH-04,150,production,139635.9701957148,140460.9701957148,825.0,5,3
7,ETCH-04,151,production,140460.9701957148,141285.9701957148,825.0,5,2
7,ETCH-04,152,production,141285.9701957148,142110.9701957148,825.0,5,3
7,ETCH-04,153,production,142110.9701957148,142935.9701957148,825.0,5,2
7,ETCH-04,154,production,142935.9701957148,143760.9701957148,825.0,5,1
7,ETCH-04,155,production,143760.9701957148,144585.9701957148,825.0,5,3
7,ETCH-04,156,production,144585.9701957148,145410.9701957148,825.0,5,0
7,ETCH-04,157,production,145410.9701957148,146235.9701957148,825.0,5,0
7,ETCH-04,158,production,146235.9701957148,147060.9701957148,825.0,5,2
7,ETCH-04,159,production,147060.9701957148,147885.9701957148,825.0,5,0
7,ETCH-04,160,production,147885.9701957148,148710.9701957148,825.0,5,1
7,ETCH-04,161,production,148710.9701957148,149535.9701957148,825.0,5,0
7,ETCH-04,162,production,149535.9701957148,150360.9701957148,825.0,5,1
7,ETCH-04,163,production,150360.9701957148,151185.9701957148,825.0,5,1
7,ETCH-04,164,production,151185.9701957148,152010.9701957148,825.0,5,0
7,ETCH-04,165,production,152010.9701957148,152835.9701957148,825.0,5,0
7,ETCH-04,166,production,152835.9701957148,153660.9701957148,825.0,5,0
7,ETCH-04,167,production,153660.9701957148,154485.9701957148,825.0,5,0
7,ETCH-04,168,production,154485.9701957148,155310.9701957148,825.0,5,0
7,ETCH-04,169,production,155310.9701957148,156135.9701957148,825.0,5,1
7,ETCH-04,170,production,156135.9701957148,156960.9701957148,825.0,5,0
7,ETCH-04,171,production,156960.9701957148,157785.9701957148,825.0,5,0
7,ETCH-04,172,production,157785.9701957148,158610.9701957148,825.0,5,1
7,ETCH-04,172,repair,158610.9701957148,162751.84163134987,4140.87143563507,0,0
7,ETCH-04,173,production,162751.84163134987,163576.84163134987,825.0,5,5
7,ETCH-04,174,production,163576.84163134987,164401.84163134987,825.0,5,5
7,ETCH-04,175,production,164401.84163134987,165226.84163134987,825.0,5,4
7,ETCH-04,176,production,165226.84163134987,166051.84163134987,825.0,5,5
7,ETCH-04,177,production,166051.84163134987,166876.84163134987,825.0,5,5
7,ETCH-04,178,production,166876.84163134987,167701.84163134987,825.0,5,5
7,ETCH-04,179,production,167701.84163134987,168526.84163134987,825.0,5,5
7,ETCH-04,180,production,168526.84163134987,169351.84163134987,825.0,5,5
7,ETCH-04,181,production,169351.84163134987,170176.84163134987,825.0,5,5
7,ETCH-04,182,production,170176.84163134987,171001.84163134987,825.0,5,5
7,ETCH-04,183,production,171001.84163134987,171826.84163134987,825.0,5,5
7,ETCH-04,184,production,171826.84163134987,172651.84163134987,825.0,5,5
7,ETCH-04,185,production,172651.84163134987,173476.84163134987,825.0,5,5
7,ETCH-04,186,production,173476.84163134987,174301.84163134987,825.0,5,5
7,ETCH-04,187,production,174301.84163134987,175126.84163134987,825.0,5,5
7,ETCH-04,188,production,175126.84163134987,175951.84163134987,825.0,5,5
7,ETCH-04,189,production,175951.84163134987,176776.84163134987,825.0,5,5
7,ETCH-04,190,production,176776.84163134987,177601.84163134987,825.0,5,5
7,ETCH-04,191,production,177601.84163134987,178426.84163134987,825.0,5,5
7,ETCH-04,192,production,178426.84163134987,179251.84163134987,825.0,5,5
7,ETCH-04,193,production,179251.84163134987,180076.84163134987,825.0,5,4
7,ETCH-04,194,production,180076.84163134987,180901.84163134987,825.0,5,3
7,ETCH-04,195,production,180901.84163134987,181726.84163134987,825.0,5,5
7,ETCH-04,196,production,181726.84163134987,182551.84163134987,825.0,5,4
7,ETCH-04,197,production,182551.84163134987,183376.84163134987,825.0,5,4
7,ETCH-04,198,production,183376.84163134987,184201.84163134987,825.0,5,5
7,ETCH-04,199,production,184201.84163134987,185026.84163134987,825.0,5,5
7,ETCH-04,200,production,185026.84163134987,185851.84163134987,825.0,5,3
7,ETCH-04,201,production,185851.84163134987,186676.84163134987,825.0,5,5
7,ETCH-04,202,production,186676.84163134987,187501.84163134987,825.0,5,3
7,ETCH-04,203,production,187501.84163134987,188326.84163134987,825.0,5,2
7,ETCH-04,204,production,188326.84163134987,189151.84163134987,825.0,5,2
7,ETCH-04,205,production,189151.84163134987,189976.84163134987,825.0,5,4
7,ETCH-04,206,production,189976.84163134987,190801.84163134987,825.0,5,3
7,ETCH-04,207,production,190801.84163134987,191626.84163134987,825.0,5,4
7,ETCH-04,208,production,191626.84163134987,192451.84163134987,825.0,5,2
7,ETCH-04,209,production,192451.84163134987,193276.84163134987,825.0,5,0
7,ETCH-04,210,production,193276.84163134987,194101.84163134987,825.0,5,0
7,ETCH-04,211,production,194101.84163134987,194926.84163134987,825.0,5,2
7,ETCH-04,212,production,194926.84163134987,195751.84163134987,825.0,5,1
7,ETCH-04,213,production,195751.84163134987,196576.84163134987,825.0,5,1
7,ETCH-04,214,production,196576.84163134987,197401.84163134987,825.0,5,0
7,ETCH-04,215,production,197401.84163134987,198226.84163134987,825.0,5,1
7,ETCH-04,216,production,198226.84163134987,199051.84163134987,825.0,5,0
7,ETCH-04,217,production,199051.84163134987,199876.84163134987,825.0,5,0
7,ETCH-04,218,production,199876.84163134987,200701.84163134987,825.0,5,1
7,ETCH-04,218,repair,200701.84163134987,206499.46777098297,5797.626139633083,0,0
7,ETCH-04,219,production,206499.46777098297,207324.46777098297,825.0,5,5
7,ETCH-04,220,production,207324.46777098297,208149.46777098297,825.0,5,5
7,ETCH-04,221,production,208149.46777098297,208974.46777098297,825.0,5,5
7,ETCH-04,222,production,208974.46777098297,209799.46777098297,825.0,5,5
7,ETCH-04,223,production,209799.46777098297,210624.46777098297,825.0,5,5
7,ETCH-04,224,production,210624.46777098297,211449.46777098297,825.0,5,4
7,ETCH-04,225,production,211449.46777098297,212274.46777098297,825.0,5,5
7,ETCH-04,226,production,212274.46777098297,213099.46777098297,825.0,5,5
7,ETCH-04,227,production,213099.46777098297,213924.46777098297,825.0,5,5
7,ETCH-04,228,production,213924.46777098297,214749.46777098297,825.0,5,5
7,ETCH-04,229,production,214749.46777098297,215574.46777098297,825.0,5,5
7,ETCH-04,230,production,215574.46777098297,216399.46777098297,825.0,5,5
7,ETCH-04,231,production,216399.46777098297,217224.46777098297,825.0,5,5
7,ETCH-04,232,production,217224.46777098297,218049.46777098297,825.0,5,5
7,ETCH-04,233,production,218049.46777098297,218874.46777098297,825.0,5,5
7,ETCH-04,234,production,218874.46777098297,219699.46777098297,825.0,5,5
7,ETCH-04,235,production,219699.46777098297,220524.46777098297,825.0,5,5
7,ETCH-04,236,production,220524.46777098297,221349.46777098297,825.0,5,5
7,ETCH-04,237,production,221349.46777098297,222174.46777098297,825.0,5,5
7,ETCH-04,238,production,222174.46777098297,222999.46777098297,825.0,5,5
7,ETCH-04,239,production,222999.46777098297,223824.46777098297,825.0,5,4
